all uniq links,Сервис предполоижтельно ,"хорошо бы знать вендора наверное , у кого видосы не открвыаются или не грузятся "
http://api.360view.link//view/360view.html?d=575310430&sr=-20&surl=https://data1.360view.link/data/5/,v360,
http://diamond360view.com/media/upload/MS-2822(A).html,v360,
http://diamonds.kiradiam.com/KOnline/DiaSearch/ImageZoom.jsp?ReportNo=637482895&StoneNo=100759980767,v360,
http://dna.diamondvid.com/?id=3820-455034233,not found,
http://fdr360.in/det.aspx?StoneId=DAC-36|40,not found,
http://media.diamondweb.net/diamond/LG180608/LG180608.html,,
http://stock.flawlessallure.com/Reports/47151.mp4,"не картинки видео так как mp4, нужно запросить может есть видосы 360 ",
http://v360.diamondvid.com/?id=Z68-3200-445045656,not found,
http://v360.s3.us-east-2.wasabisys.com/1428712127.html,v360,
http://videos.gem360.in/Vision360.html?d=0212210845-DBS2-10244,v360,
http://view.gem360.in/gem360.html?d=0612231413-M7700,gem360,
http://viewdiamondvideo.com/svideos/diamond.php?id=358593,not found,
http://www.diamond360.co.in/vision360.html?d=B14699,v360,
https:--images.gemfacts.com-GCALImages-certs-Vision360.html?d=332260000&btn=1,"что то не то с ссылкой на видео , нужно черточки менять на слеши как минимму ",
https://03368bc.netsolhost.com/v360/vision360.html?d=LGVV-44-A,not found,
https://360diamondvideo.com/media/JO-10275/JO-10275.html,not found,
https://3dv.in/V360Files/stone.html?SinglePieceStockId=1023237,v360,
https://agensolution.co.in/newproductdetail.php?rndcode=102-150,под логин паролем видео ,( не очень если такое будет открываться на нашем сайте) 
https://api.360view.link//view/360view.html?d=LG488132582&sr=-20&surl=https://data1.360view.link/data/5/,v360,
https://api.mydiamonds.co/web/v1/diamond/media/HTML_VIDEO_360/227N-162,,
https://api1.v360.in/viewer/317_51459,v360,
https://assets.solitaires.info/video/587318530,,
https://clientmedia.s3.amazonaws.com/eb/Video/Viewer4.0/Vision360.html?d=5473918515,vision360,v360
https://console.studio360.tech/c/dbb52dcd-9141-4945-b169-9345febe3c24?m=d&a=512223477,not found,
https://ctsurat.in/?Lotid=LG625444904,,
https://cvdhvideo.s3.ap-south-1.amazonaws.com/B2C/VIDEO/16173-R184-1C.html,v360,
https://d.360view.link/detail/6_21891-592319217,v360,
https://d2b64ylw8uvsx.cloudfront.net/111095-008/111095-008.html,not found,
https://d2co33wnxodgz9.cloudfront.net/Video/597357834/597357834.html,AccessDenied,
https://d360.tech/detail.html?d=305-FK-529257473,v360,
https://dia-vid.s3.us-east-2.amazonaws.com/IMG_2361.mp4,mp4,
https://diamlab.s3.eu-north-1.amazonaws.com/Vision360.html?d=520207503,v360,
https://diamond.blissvideos.com/?d=55C-850-17,v360,
https://dimdna.azureedge.net/hdfile/HD/Vision360.html?d=ES-AA-07193,v360,
https://dna.diamondvid.com/?id=021-457-124-3.03,,
https://dna1.braintreeeasysoft.com/550225672/550225672.html,,
https://dnalinks.in/47913/video.mp4,mp4,
https://drive.google.com/uc?id=1_5I1EdndqKbVfZ7wlSOCirJmJPJcGks4,mp4,
https://ds-360.jaykar.co.in/ds_360.php?chk=QWxs&q=anlrMjdoMTU5NQ==,jaykar,
https://ellat.s3.us-west-1.amazonaws.com/EL81-247.html,v360,
https://fdr360.in/det.aspx?StoneId=DAH149,,
https://get.manage.diamonds/008/data/files/390/39097/ID-8353-2.71-G-VS1.mp4,mp4,
https://hd360video.com/video/Get?q=BMLGD-81320,v360,
https://hub.gallery.picupmedia.com/c/7a648919-7c3e-4100-b384-aaa0215555d1,,
https://images.gemfacts.com/GCALImages/certs/Vision360.html?d=312942253&btn=1,v360,
https://inventory.nyc3.cdn.digitaloceanspaces.com/Vision360.html?d=105399/b2c,v360,
https://ksmedia.blob.core.windows.net/video/Vision360.html?d=596317951,vision360,v360
https://ksvideo.blob.core.windows.net/video/Vision360.html?d=605301770,vision360,v360
https://labgrownforever.com/videoplayer.php?stoneid=06-076,v360,
https://lg.diam360.in/files/Dia Image/newvideos/vision360.html?d=LG11-6&zoomslide=1,,
https://lgpol.s3.us-east-1.amazonaws.com/V/v4/Vision360.html?d=12709314v&surl=https://lgpol.s3.us-east-1.amazonaws.com/V/,v360,
https://loupe360.com/diamond/0b0c7138-cf42-513c-bd3b-7f121225fba8/video/500/500/autoplay,loupe360,
https://media.diamondweb.net/diamond/LG201364/LG201364.html,v360,
https://mediassests.s3.amazonaws.com/V360/Vision360.html?d=LAA03A-14,v360,
https://nivoda-inhousemedia.s3.amazonaws.com/inhouse-eyJzb3VyY2UiOiJpbi1ob3VzZSIsInVzZXIiOiJBZG1pbiIsImNlcnRfbnVtYmVyX29yX3N0b2NrX2lkIjoiNjM3NDgwNjQ4IiwidHlwZSI6IjM2MCJ9,mp4,
https://nslgd.in/Vision360.html?d=PR0156,не работает,
https://pkonline.blob.core.windows.net/pkonline/KB49-351.html,v360,
https://pkstone.co.in/PK/V360/22022022/VisionCD.html?d=NA64,v360,
https://pv360.s3.amazonaws.com/LG11343309/LG11343309.html,v360,
https://regular.s3.ap-south-1.amazonaws.com/video/135B-110A.html,v360,
https://s3.amazonaws.com/lgdvideos/10000002345.mp4,mp4,
https://s6.v360.in/images/company/44/imaged/205T-0062/still.jpg,,
https://shivagems.co.in/admin/upload/webdiamonds/24F-34/24F-34.html,v360,
https://sltrld.com/MG52-40AAA/MG52-40AAA.html#,not found,
https://ssdweb.co/ssdweb/hd/Vision360.html?d=821111742&zoomslide=1&z=1821111742&ISCONFIRM=0,v360,
https://up.diacam360.com/scan/d7cc_309735,diacam360,
https://v360.diamonds/c/0e88c651-accc-4da4-8b03-012a09f91194?m=c&a=C6-101-07,v360,
https://v360.in/1373/vision360.html?d=100574,v360,
https://v360.s3.us-east-2.wasabisys.com/LGS/F22/2434722203.html,v360,
https://v3601300.v360.in/vision360.html?d=0102214-M2010-1019D-4,v360,
https://v3601487.v360.in/vision360.html?d=pc8-102,v360,
https://v3603639.v360.in/vision360.html?d=1408-CVD300-62A,v360,
https://v360n.s3.ap-southeast-1.wasabisys.com/LGS/637444280.html,v360,
https://v360studio01.v360.in/diamondview.aspx?d=1003215-462132917,v360,
https://vaishali.diamx.net/PartySearch/DNADetails?StockId=101343&UrlType=Video,v360,
https://vidb2c.s3.eu-north-1.amazonaws.com/Vision360.html?d=1493330940,v360,
https://video.diamondasset.in:8080/imagesM/605379924.jpg,photo,
https://VIDEO.gem360.in/gem360.html?d=2711231105-17037,not found,
https://video360.in/360D/1789,не понятен источник,
https://videos.gem360.in/gem360/0305241403-JC-763/gem360-0305241403-JC-763.html,gem360,
https://view-360-cloud:81/documents/vision360-html?d=631450485,not found,
https://view-gem360-in/gem360-html?d=0407241102-641476774,not found,
https://view.gem360.in/gem360.html?d=0101241034-M08186,gem360,
https://view.varnivideo.com/?d=3295,v360,
https://visionpts.com/imaged/10013/10013.html,v360,
https://viw-us.s3.amazonaws.com/100045-247/video.mp4,mp4,
https://workshop-360view-link/360viewer/360view-html?d=0507243-640448073,,
https://www.b2bsmilingrocks.com/files/video/10779.html,not found,
https://www.diamond360.co.in/vision360.html?d=B12858,,
https://www.dnav360.com/vision/dna.html?d=156621&ic=1,v360,
https://www.filesonsky.com/574613/574613.HTML,не понятно,
https://www.igi.org/reports/verify-your-report?r=633464388JKH-306,Это сертификат,
https://www.jaykar.co.in/ds_360.php?chk=QWxs&q=SllLMjdENzcw=&5945-470134465,jaykar,
https://www.labgrownforever.com/embeded-view.php?stoneid=06-301,mp4,
https://www.v360videos.com/Vision360.html?d=0307241157-IGI-37500,v360,
NO,,
s://v360.in/viewer4.0/vision360.html?d=DBS146-2&surl=https://s7.v360.in/images/company/2570/,,
still.jpg (791×791) (d360.tech),,
V360 Viewer,,